﻿<?xml version="1.0" encoding="utf-8"?>
<DacOrigin xmlns="http://schemas.microsoft.com/sqlserver/dac/Serialization/2012/02">
  <PackageProperties>
    <Version>3.1.0.0</Version>
    <ContainsExportedData>true</ContainsExportedData>
    <StreamVersions>
      <Version StreamName="Data">2.0.0.0</Version>
      <Version StreamName="DeploymentContributors">1.0.0.0</Version>
    </StreamVersions>
  </PackageProperties>
  <Operation>
    <Identity>6e2a48ad-e5a8-463b-925e-5795cba0fa0e</Identity>
    <Start>2025-06-19T12:12:28.7508277+05:00</Start>
    <End>0001-01-01T00:00:00.0000000</End>
    <ProductName>Microsoft.SqlServer.Dac, Version=162.0.0.0, Culture=neutral, PublicKeyToken=b03f5f7f11d50a3a</ProductName>
    <ProductVersion>162.3.566.1</ProductVersion>
    <ProductSchema>http://schemas.microsoft.com/sqlserver/dac/Serialization/2012/02</ProductSchema>
  </Operation>
  <Server>
    <ServerVersion>Microsoft SQL Server 2022 (RTM-GDR) (KB5046861) - 16.0.1135.2 (X64) 
	Oct 18 2024 15:31:58 
	Copyright (C) 2022 Microsoft Corporation
	Express Edition (64-bit) on Windows 10 Pro 10.0 &lt;X64&gt; (Build 19045: ) (Hypervisor)
</ServerVersion>
    <ObjectCounts>
      <CheckConstraint>4</CheckConstraint>
      <DatabaseOptions>1</DatabaseOptions>
      <DefaultConstraint>8</DefaultConstraint>
      <ForeignKeyConstraint>3</ForeignKeyConstraint>
      <Index>1</Index>
      <PermissionStatement>2</PermissionStatement>
      <PrimaryKeyConstraint>6</PrimaryKeyConstraint>
      <Procedure>16</Procedure>
      <SimpleColumn>49</SimpleColumn>
      <SubroutineParameter>54</SubroutineParameter>
      <Table>6</Table>
      <UniqueConstraint>1</UniqueConstraint>
    </ObjectCounts>
  </Server>
  <ExportStatistics>
    <SourceDatabaseSize>13872</SourceDatabaseSize>
    <TableRowCountTotalTag>35</TableRowCountTotalTag>
  </ExportStatistics>
  <Checksums>
    <Checksum Uri="/model.xml">517EBFA7EAB398CC541E147747B6860537545114A68A4F1C11A93905BCF9C59E</Checksum>
  </Checksums>
  <ModelSchemaVersion>2.9</ModelSchemaVersion>
  <DataPhaseTables>dbo.PendingRegistrations,dbo.Users,dbo.ArtistStatus,dbo.ArtistApplications,dbo.Products,dbo.Orders</DataPhaseTables>
</DacOrigin>